<?xml version="1.0" encoding="UTF-8"?>
<project-private xmlns="http://www.netbeans.org/ns/project-private/1">
    <editor-bookmarks xmlns="http://www.netbeans.org/ns/editor-bookmarks/2" lastBookmarkId="0"/>
    <open-files xmlns="http://www.netbeans.org/ns/projectui-open-files/2">
        <group>
            <file>file:/C:/Users/ANIBAL%20FUENTES/Downloads/Taller3JavaNetbeans/Taller3JavaNetbeans/src/ejercicio_2/Ejercicio_2.java</file>
            <file>file:/C:/Users/ANIBAL%20FUENTES/Downloads/Taller3JavaNetbeans/Taller3JavaNetbeans/src/ejercicio_1/Ejercicio_1.java</file>
        </group>
    </open-files>
</project-private>
